single_id,viewpoint,number_of_train_images,number_of_val_images,number_of_test_images,precision,recall,F1,mAP50,mAP50-95,training_status,model_path,subset_status,evaluation_status,delta_mAP50-95_vs_full_M4,delta_mAP50_vs_full_M4,pilot_rank,pilot_name,pilot_note
sv0001,ellow-radnear-az000,141,29,2214,0.5303346337046508,0.6488384280685342,0.5836318709075391,0.5303346337046508,0.31016518002313737,completed,/vol/tensusers6/lisannehuisman/experiments/m4_single_viewpoint_training/singles/sv0001__ellow_radnear_az000/train/weights/best.pt,completed,completed,nan,nan,,,
sv0002,ellow-radnear-az045,146,27,2214,0.49813793757808983,0.6242674285389078,0.5541158279122731,0.49813793757808983,0.28505665657478896,completed,/vol/tensusers6/lisannehuisman/experiments/m4_single_viewpoint_training/singles/sv0002__ellow_radnear_az045/train/weights/best.pt,completed,completed,nan,nan,,,
sv0003,ellow-radnear-az090,148,25,2214,0.48881408313422153,0.6138004969623285,0.5442233987577014,0.48881408313422153,0.29210572313626104,completed,/vol/tensusers6/lisannehuisman/experiments/m4_single_viewpoint_training/singles/sv0003__ellow_radnear_az090/train/weights/best.pt,completed,completed,nan,nan,,,
sv0004,ellow-radnear-az135,148,25,2214,0.48202556848274736,0.6037675364893522,0.5360715382608479,0.48202556848274736,0.2839740856928261,completed,/vol/tensusers6/lisannehuisman/experiments/m4_single_viewpoint_training/singles/sv0004__ellow_radnear_az135/train/weights/best.pt,completed,completed,nan,nan,,,
sv0005,ellow-radnear-az180,135,31,2214,0.49190736317453637,0.6110546879068814,0.5450455888106074,0.49190736317453637,0.29540226925164786,completed,/vol/tensusers6/lisannehuisman/experiments/m4_single_viewpoint_training/singles/sv0005__ellow_radnear_az180/train/weights/best.pt,completed,completed,nan,nan,,,
sv0006,ellow-radnear-az225,139,30,2214,0.4923860272818094,0.6121135634174217,0.5457605747877368,0.4923860272818094,0.29327532500466835,completed,/vol/tensusers6/lisannehuisman/experiments/m4_single_viewpoint_training/singles/sv0006__ellow_radnear_az225/train/weights/best.pt,completed,completed,nan,nan,,,
sv0007,ellow-radnear-az270,150,25,2214,0.44188373997801716,0.5753165294587242,0.49984851036102484,0.44188373997801716,0.2678192772347479,completed,/vol/tensusers6/lisannehuisman/experiments/m4_single_viewpoint_training/singles/sv0007__ellow_radnear_az270/train/weights/best.pt,completed,completed,nan,nan,,,
sv0008,ellow-radnear-az315,140,36,2214,0.48673059608234576,0.6068218056917455,0.5401821416530977,0.48673059608234576,0.27834927940285153,completed,/vol/tensusers6/lisannehuisman/experiments/m4_single_viewpoint_training/singles/sv0008__ellow_radnear_az315/train/weights/best.pt,completed,completed,nan,nan,,,
sv0009,ellow-radmid-az000,147,27,2214,0.5196061846271486,0.6361860209745497,0.5720166470574564,0.5196061846271486,0.31117612143053364,completed,/vol/tensusers6/lisannehuisman/experiments/m4_single_viewpoint_training/singles/sv0009__ellow_radmid_az000/train/weights/best.pt,completed,completed,nan,nan,,,
sv0010,ellow-radmid-az045,143,25,2214,0.5128967761007864,0.6398759690009617,0.5693929232790678,0.5128967761007864,0.30014263000222136,completed,/vol/tensusers6/lisannehuisman/experiments/m4_single_viewpoint_training/singles/sv0010__ellow_radmid_az045/train/weights/best.pt,completed,completed,nan,nan,,,
sv0011,ellow-radmid-az090,147,26,2214,0.49588602423856504,0.6119279038757736,0.547829355946276,0.49588602423856504,0.29891069134571624,completed,/vol/tensusers6/lisannehuisman/experiments/m4_single_viewpoint_training/singles/sv0011__ellow_radmid_az090/train/weights/best.pt,completed,completed,nan,nan,2,low_mid_side,Low elevation with a side azimuth to contrast against front-view pilots.
sv0012,ellow-radmid-az135,146,29,2214,0.47279385342897795,0.5961771018491083,0.5273648791253336,0.47279385342897795,0.27777266742978585,completed,/vol/tensusers6/lisannehuisman/experiments/m4_single_viewpoint_training/singles/sv0012__ellow_radmid_az135/train/weights/best.pt,completed,completed,nan,nan,,,
sv0013,ellow-radmid-az180,152,32,2214,0.5363496222003464,0.6472557929593863,0.5866066436911365,0.5363496222003464,0.33089890701803604,completed,/vol/tensusers6/lisannehuisman/experiments/m4_single_viewpoint_training/singles/sv0013__ellow_radmid_az180/train/weights/best.pt,completed,completed,nan,nan,,,
sv0014,ellow-radmid-az225,155,21,2214,0.5250402883688833,0.6320654533029673,0.5736032860587302,0.5250402883688833,0.3003457176956631,completed,/vol/tensusers6/lisannehuisman/experiments/m4_single_viewpoint_training/singles/sv0014__ellow_radmid_az225/train/weights/best.pt,completed,completed,nan,nan,,,
sv0015,ellow-radmid-az270,142,37,2214,0.5253753524881575,0.6270542141444926,0.5717292202905788,0.5253753524881575,0.31427159279864797,completed,/vol/tensusers6/lisannehuisman/experiments/m4_single_viewpoint_training/singles/sv0015__ellow_radmid_az270/train/weights/best.pt,completed,completed,nan,nan,,,
sv0016,ellow-radmid-az315,152,20,2214,0.46554902971007983,0.5787283006230444,0.5160054537138612,0.46554902971007983,0.2748397286931444,completed,/vol/tensusers6/lisannehuisman/experiments/m4_single_viewpoint_training/singles/sv0016__ellow_radmid_az315/train/weights/best.pt,completed,completed,nan,nan,,,
sv0017,ellow-radfar-az000,136,30,2214,0.4823221850039869,0.6018248813930601,0.5354872983200218,0.4823221850039869,0.2817460140742008,completed,/vol/tensusers6/lisannehuisman/experiments/m4_single_viewpoint_training/singles/sv0017__ellow_radfar_az000/train/weights/best.pt,completed,completed,nan,nan,1,low_far_front,Low elevation and far radius reference viewpoint near the front azimuth.
sv0018,ellow-radfar-az045,148,35,2214,0.5207464480829541,0.631873979466177,0.570953147416828,0.5207464480829541,0.30519005759179973,completed,/vol/tensusers6/lisannehuisman/experiments/m4_single_viewpoint_training/singles/sv0018__ellow_radfar_az045/train/weights/best.pt,completed,completed,nan,nan,,,
sv0019,ellow-radfar-az090,140,37,2214,0.5167030303782402,0.6373376352374269,0.5707152222848138,0.5167030303782402,0.3072999780629998,completed,/vol/tensusers6/lisannehuisman/experiments/m4_single_viewpoint_training/singles/sv0019__ellow_radfar_az090/train/weights/best.pt,completed,completed,nan,nan,,,
sv0020,ellow-radfar-az135,145,24,2214,0.47830621075165325,0.6000261001369316,0.5322964125448352,0.47830621075165325,0.28205091366265594,completed,/vol/tensusers6/lisannehuisman/experiments/m4_single_viewpoint_training/singles/sv0020__ellow_radfar_az135/train/weights/best.pt,completed,completed,nan,nan,,,
sv0021,ellow-radfar-az180,145,35,2214,0.5115128598834899,0.6249742991226946,0.562579855943959,0.5115128598834899,0.3013082995025368,completed,/vol/tensusers6/lisannehuisman/experiments/m4_single_viewpoint_training/singles/sv0021__ellow_radfar_az180/train/weights/best.pt,completed,completed,nan,nan,,,
sv0022,ellow-radfar-az225,141,34,2214,0.49188044218474486,0.6246331014293195,0.5503646738395229,0.49188044218474486,0.28484504258501964,completed,/vol/tensusers6/lisannehuisman/experiments/m4_single_viewpoint_training/singles/sv0022__ellow_radfar_az225/train/weights/best.pt,completed,completed,nan,nan,,,
sv0023,ellow-radfar-az270,137,36,2214,0.5284860950587216,0.6261659451510073,0.5731943194791425,0.5284860950587216,0.30958469798239646,completed,/vol/tensusers6/lisannehuisman/experiments/m4_single_viewpoint_training/singles/sv0023__ellow_radfar_az270/train/weights/best.pt,completed,completed,nan,nan,,,
sv0024,ellow-radfar-az315,149,28,2214,0.47874319986287506,0.5823055223512976,0.5254703261628592,0.47874319986287506,0.27594677444659244,completed,/vol/tensusers6/lisannehuisman/experiments/m4_single_viewpoint_training/singles/sv0024__ellow_radfar_az315/train/weights/best.pt,completed,completed,nan,nan,,,
sv0025,elmid-radnear-az000,148,36,2214,0.5300961349784383,0.5822104789527216,0.5549324633538211,0.5300961349784383,0.35517090007794966,completed,/vol/tensusers6/lisannehuisman/experiments/m4_single_viewpoint_training/singles/sv0025__elmid_radnear_az000/train/weights/best.pt,completed,completed,nan,nan,,,
sv0026,elmid-radnear-az045,138,35,2214,0.5303934850935043,0.5868160434671681,0.557180006877161,0.5303934850935043,0.3542262604718849,completed,/vol/tensusers6/lisannehuisman/experiments/m4_single_viewpoint_training/singles/sv0026__elmid_radnear_az045/train/weights/best.pt,completed,completed,nan,nan,,,
sv0027,elmid-radnear-az090,150,24,2214,0.5061558171800286,0.5602809598880074,0.5318448748217408,0.5061558171800286,0.3373441618464497,completed,/vol/tensusers6/lisannehuisman/experiments/m4_single_viewpoint_training/singles/sv0027__elmid_radnear_az090/train/weights/best.pt,completed,completed,nan,nan,,,
sv0028,elmid-radnear-az135,142,20,2214,0.5167785655940068,0.5702866223886092,0.5422156940603812,0.5167785655940068,0.34220636476623056,completed,/vol/tensusers6/lisannehuisman/experiments/m4_single_viewpoint_training/singles/sv0028__elmid_radnear_az135/train/weights/best.pt,completed,completed,nan,nan,,,
sv0029,elmid-radnear-az180,144,29,2214,0.5254501986980183,0.595543609239169,0.5583055064039938,0.5254501986980183,0.3511704098620124,completed,/vol/tensusers6/lisannehuisman/experiments/m4_single_viewpoint_training/singles/sv0029__elmid_radnear_az180/train/weights/best.pt,completed,completed,nan,nan,,,
sv0030,elmid-radnear-az225,146,34,2214,0.5424174660819235,0.5947396958337413,0.567374870592244,0.5424174660819235,0.36478026048785717,completed,/vol/tensusers6/lisannehuisman/experiments/m4_single_viewpoint_training/singles/sv0030__elmid_radnear_az225/train/weights/best.pt,completed,completed,nan,nan,,,
sv0031,elmid-radnear-az270,134,28,2214,0.5209740883508889,0.576073949005104,0.5471403077826053,0.5209740883508889,0.3473214946568377,completed,/vol/tensusers6/lisannehuisman/experiments/m4_single_viewpoint_training/singles/sv0031__elmid_radnear_az270/train/weights/best.pt,completed,completed,nan,nan,,,
sv0032,elmid-radnear-az315,142,30,2214,0.5182418282145324,0.575642938240408,0.5454363345406049,0.5182418282145324,0.3398194147983978,completed,/vol/tensusers6/lisannehuisman/experiments/m4_single_viewpoint_training/singles/sv0032__elmid_radnear_az315/train/weights/best.pt,completed,completed,nan,nan,,,
sv0033,elmid-radmid-az000,138,25,2214,0.6126347178060687,0.6927449468874896,0.65023167822616,0.6126347178060687,0.40109184962731287,completed,/vol/tensusers6/lisannehuisman/experiments/m4_single_viewpoint_training/singles/sv0033__elmid_radmid_az000/train/weights/best.pt,completed,completed,nan,nan,,,
sv0034,elmid-radmid-az045,135,35,2214,0.6215519989811171,0.6940126705041647,0.6557867852119496,0.6215519989811171,0.41641372706811924,completed,/vol/tensusers6/lisannehuisman/experiments/m4_single_viewpoint_training/singles/sv0034__elmid_radmid_az045/train/weights/best.pt,completed,completed,nan,nan,,,
sv0035,elmid-radmid-az090,140,36,2214,0.5852697147407687,0.6546712512799806,0.6180282239004667,0.5852697147407687,0.39457841386323705,completed,/vol/tensusers6/lisannehuisman/experiments/m4_single_viewpoint_training/singles/sv0035__elmid_radmid_az090/train/weights/best.pt,completed,completed,nan,nan,,,
sv0036,elmid-radmid-az135,147,38,2214,0.5875343072824458,0.6704841067341737,0.6262744818435512,0.5875343072824458,0.3855787851950759,completed,/vol/tensusers6/lisannehuisman/experiments/m4_single_viewpoint_training/singles/sv0036__elmid_radmid_az135/train/weights/best.pt,completed,completed,nan,nan,,,
sv0037,elmid-radmid-az180,149,25,2214,0.587757705142099,0.6504646351741608,0.6175233458449934,0.587757705142099,0.3920347270865256,completed,/vol/tensusers6/lisannehuisman/experiments/m4_single_viewpoint_training/singles/sv0037__elmid_radmid_az180/train/weights/best.pt,completed,completed,nan,nan,3,mid_mid_back,"Mid-elevation, mid-radius viewpoint to represent the central geometry band."
sv0038,elmid-radmid-az225,151,32,2214,0.6143334150907047,0.6951141420414824,0.6522320690619009,0.6143334150907047,0.4035228167038699,completed,/vol/tensusers6/lisannehuisman/experiments/m4_single_viewpoint_training/singles/sv0038__elmid_radmid_az225/train/weights/best.pt,completed,completed,nan,nan,,,
sv0039,elmid-radmid-az270,138,27,2214,0.609227191246133,0.6784514584408057,0.6419786124794784,0.609227191246133,0.40315190191972006,completed,/vol/tensusers6/lisannehuisman/experiments/m4_single_viewpoint_training/singles/sv0039__elmid_radmid_az270/train/weights/best.pt,completed,completed,nan,nan,,,
sv0040,elmid-radmid-az315,146,30,2214,0.5963110631567597,0.6845790469534612,0.6374037180574877,0.5963110631567597,0.38855085122315813,completed,/vol/tensusers6/lisannehuisman/experiments/m4_single_viewpoint_training/singles/sv0040__elmid_radmid_az315/train/weights/best.pt,completed,completed,nan,nan,,,
sv0041,elmid-radfar-az000,149,29,2214,0.5998108449956401,0.6942787334890733,0.6435967350640449,0.5998108449956401,0.3883653697649618,completed,/vol/tensusers6/lisannehuisman/experiments/m4_single_viewpoint_training/singles/sv0041__elmid_radfar_az000/train/weights/best.pt,completed,completed,nan,nan,,,
sv0042,elmid-radfar-az045,139,36,2214,0.5915211157957722,0.6785313955231282,0.6320457533925121,0.5915211157957722,0.3904277067982496,completed,/vol/tensusers6/lisannehuisman/experiments/m4_single_viewpoint_training/singles/sv0042__elmid_radfar_az045/train/weights/best.pt,completed,completed,nan,nan,,,
sv0043,elmid-radfar-az090,139,37,2214,0.6155029024735773,0.6993162760839186,0.6547382403546876,0.6155029024735773,0.4031096513417022,completed,/vol/tensusers6/lisannehuisman/experiments/m4_single_viewpoint_training/singles/sv0043__elmid_radfar_az090/train/weights/best.pt,completed,completed,nan,nan,,,
sv0044,elmid-radfar-az135,146,28,2214,0.6133920323333915,0.7008273815799335,0.6542011590319667,0.6133920323333915,0.3906639225147944,completed,/vol/tensusers6/lisannehuisman/experiments/m4_single_viewpoint_training/singles/sv0044__elmid_radfar_az135/train/weights/best.pt,completed,completed,nan,nan,,,
sv0045,elmid-radfar-az180,151,28,2214,0.6080202398200694,0.6967271260406008,0.6493581904799053,0.6080202398200694,0.39775345373611054,completed,/vol/tensusers6/lisannehuisman/experiments/m4_single_viewpoint_training/singles/sv0045__elmid_radfar_az180/train/weights/best.pt,completed,completed,nan,nan,,,
sv0046,elmid-radfar-az225,133,36,2214,0.616291444075479,0.6963227210874797,0.6538672927825567,0.616291444075479,0.40094783670068784,completed,/vol/tensusers6/lisannehuisman/experiments/m4_single_viewpoint_training/singles/sv0046__elmid_radfar_az225/train/weights/best.pt,completed,completed,nan,nan,,,
sv0047,elmid-radfar-az270,145,34,2214,0.6153048658673174,0.7065319978193682,0.6577703922354197,0.6153048658673174,0.39259913412484276,completed,/vol/tensusers6/lisannehuisman/experiments/m4_single_viewpoint_training/singles/sv0047__elmid_radfar_az270/train/weights/best.pt,completed,completed,nan,nan,,,
sv0048,elmid-radfar-az315,148,31,2214,0.5970454269304335,0.6830327681529225,0.6371510619205294,0.5970454269304335,0.38032179073567957,completed,/vol/tensusers6/lisannehuisman/experiments/m4_single_viewpoint_training/singles/sv0048__elmid_radfar_az315/train/weights/best.pt,completed,completed,nan,nan,,,
sv0049,elhigh-radnear-az000,141,30,2214,0.5066309664513877,0.5646425851479254,0.534066052850897,0.5066309664513877,0.3287976256874326,completed,/vol/tensusers6/lisannehuisman/experiments/m4_single_viewpoint_training/singles/sv0049__elhigh_radnear_az000/train/weights/best.pt,completed,completed,nan,nan,,,
sv0050,elhigh-radnear-az045,152,30,2214,0.5189013461617651,0.5846788136947729,0.5498297895060407,0.5189013461617651,0.3372504425742561,completed,/vol/tensusers6/lisannehuisman/experiments/m4_single_viewpoint_training/singles/sv0050__elhigh_radnear_az045/train/weights/best.pt,completed,completed,nan,nan,,,
sv0051,elhigh-radnear-az090,141,36,2214,0.5136316302452362,0.5812186777202971,0.5453390199454642,0.5136316302452362,0.3417464009985519,completed,/vol/tensusers6/lisannehuisman/experiments/m4_single_viewpoint_training/singles/sv0051__elhigh_radnear_az090/train/weights/best.pt,completed,completed,nan,nan,,,
sv0052,elhigh-radnear-az135,137,36,2214,0.5147237915915006,0.580289485032786,0.5455437122690504,0.5147237915915006,0.3320552452601486,completed,/vol/tensusers6/lisannehuisman/experiments/m4_single_viewpoint_training/singles/sv0052__elhigh_radnear_az135/train/weights/best.pt,completed,completed,nan,nan,,,
sv0053,elhigh-radnear-az180,146,28,2214,0.5129626286632578,0.5932649348940792,0.5501991642992179,0.5129626286632578,0.3395650145085634,completed,/vol/tensusers6/lisannehuisman/experiments/m4_single_viewpoint_training/singles/sv0053__elhigh_radnear_az180/train/weights/best.pt,completed,completed,nan,nan,,,
sv0054,elhigh-radnear-az225,131,38,2214,0.5208528468189019,0.588100138094822,0.5524375429948609,0.5208528468189019,0.3440784937220457,completed,/vol/tensusers6/lisannehuisman/experiments/m4_single_viewpoint_training/singles/sv0054__elhigh_radnear_az225/train/weights/best.pt,completed,completed,nan,nan,,,
sv0055,elhigh-radnear-az270,143,32,2214,0.5045626543802598,0.5933289493380213,0.5453573532846899,0.5045626543802598,0.3216859159930162,completed,/vol/tensusers6/lisannehuisman/experiments/m4_single_viewpoint_training/singles/sv0055__elhigh_radnear_az270/train/weights/best.pt,completed,completed,nan,nan,5,high_near_back,High and near viewpoint from the rear quadrant for geometric contrast.
sv0056,elhigh-radnear-az315,140,36,2214,0.5187444862921731,0.5936917047335107,0.5536934178740667,0.5187444862921731,0.3361849875189326,completed,/vol/tensusers6/lisannehuisman/experiments/m4_single_viewpoint_training/singles/sv0056__elhigh_radnear_az315/train/weights/best.pt,completed,completed,nan,nan,,,
sv0057,elhigh-radmid-az000,137,25,2214,0.523215057368734,0.5844351164974371,0.5521332641319208,0.523215057368734,0.3459669579749205,completed,/vol/tensusers6/lisannehuisman/experiments/m4_single_viewpoint_training/singles/sv0057__elhigh_radmid_az000/train/weights/best.pt,completed,completed,nan,nan,,,
sv0058,elhigh-radmid-az045,147,28,2214,0.5429722739694822,0.6097632348360674,0.5744327778103976,0.5429722739694822,0.35969234721512794,completed,/vol/tensusers6/lisannehuisman/experiments/m4_single_viewpoint_training/singles/sv0058__elhigh_radmid_az045/train/weights/best.pt,completed,completed,nan,nan,,,
sv0059,elhigh-radmid-az090,141,30,2214,0.5391430150493923,0.6106368702955052,0.5726671818627052,0.5391430150493923,0.3545783681398182,completed,/vol/tensusers6/lisannehuisman/experiments/m4_single_viewpoint_training/singles/sv0059__elhigh_radmid_az090/train/weights/best.pt,completed,completed,nan,nan,4,high_mid_side,High elevation side-viewpoint to test vertical separation against low pilots.
sv0060,elhigh-radmid-az135,141,34,2214,0.5272050065917201,0.6018984588956884,0.56208113904365,0.5272050065917201,0.3434079473811069,completed,/vol/tensusers6/lisannehuisman/experiments/m4_single_viewpoint_training/singles/sv0060__elhigh_radmid_az135/train/weights/best.pt,completed,completed,nan,nan,,,
sv0061,elhigh-radmid-az180,136,39,2214,0.5396627867906025,0.6078712348917008,0.571739884714843,0.5396627867906025,0.35560303382831304,completed,/vol/tensusers6/lisannehuisman/experiments/m4_single_viewpoint_training/singles/sv0061__elhigh_radmid_az180/train/weights/best.pt,completed,completed,nan,nan,,,
sv0062,elhigh-radmid-az225,130,39,2214,0.515418613017117,0.600719304329335,0.5548094117009124,0.515418613017117,0.33765850732244423,completed,/vol/tensusers6/lisannehuisman/experiments/m4_single_viewpoint_training/singles/sv0062__elhigh_radmid_az225/train/weights/best.pt,completed,completed,nan,nan,,,
sv0063,elhigh-radmid-az270,147,31,2214,0.5188890929578447,0.606345750228303,0.5592187235580641,0.5188890929578447,0.33467761382312017,completed,/vol/tensusers6/lisannehuisman/experiments/m4_single_viewpoint_training/singles/sv0063__elhigh_radmid_az270/train/weights/best.pt,completed,completed,nan,nan,,,
sv0064,elhigh-radmid-az315,150,31,2214,0.5259953079870978,0.5925258727248608,0.5572819438535017,0.5259953079870978,0.3357774895562401,completed,/vol/tensusers6/lisannehuisman/experiments/m4_single_viewpoint_training/singles/sv0064__elhigh_radmid_az315/train/weights/best.pt,completed,completed,nan,nan,,,
sv0065,elhigh-radfar-az000,154,22,2214,0.5264800062752774,0.606912971973013,0.5638424649264075,0.5264800062752774,0.33999633482078295,completed,/vol/tensusers6/lisannehuisman/experiments/m4_single_viewpoint_training/singles/sv0065__elhigh_radfar_az000/train/weights/best.pt,completed,completed,nan,nan,,,
sv0066,elhigh-radfar-az045,123,43,2214,0.5408103731760517,0.618119856430958,0.5768865487913096,0.5408103731760517,0.3517406582248309,completed,/vol/tensusers6/lisannehuisman/experiments/m4_single_viewpoint_training/singles/sv0066__elhigh_radfar_az045/train/weights/best.pt,completed,completed,nan,nan,,,
sv0067,elhigh-radfar-az090,147,29,2214,0.519064827961629,0.6059493765413613,0.5591520669320794,0.519064827961629,0.33715840306367034,completed,/vol/tensusers6/lisannehuisman/experiments/m4_single_viewpoint_training/singles/sv0067__elhigh_radfar_az090/train/weights/best.pt,completed,completed,nan,nan,,,
sv0068,elhigh-radfar-az135,153,27,2214,0.5425796098153397,0.6219862056527288,0.5795757153286191,0.5425796098153397,0.35443982782283306,completed,/vol/tensusers6/lisannehuisman/experiments/m4_single_viewpoint_training/singles/sv0068__elhigh_radfar_az135/train/weights/best.pt,completed,completed,nan,nan,,,
sv0069,elhigh-radfar-az180,147,33,2214,0.5365448879570109,0.6157415955254071,0.5734216449076167,0.5365448879570109,0.3435612602938729,completed,/vol/tensusers6/lisannehuisman/experiments/m4_single_viewpoint_training/singles/sv0069__elhigh_radfar_az180/train/weights/best.pt,completed,completed,nan,nan,,,
sv0070,elhigh-radfar-az225,150,28,2214,0.5205621967076038,0.613512074564213,0.5632280024898625,0.5205621967076038,0.3330930922222578,completed,/vol/tensusers6/lisannehuisman/experiments/m4_single_viewpoint_training/singles/sv0070__elhigh_radfar_az225/train/weights/best.pt,completed,completed,nan,nan,,,
sv0071,elhigh-radfar-az270,144,31,2214,0.5236117966270561,0.6137471705415045,0.5651078822406329,0.5236117966270561,0.3342499000230558,completed,/vol/tensusers6/lisannehuisman/experiments/m4_single_viewpoint_training/singles/sv0071__elhigh_radfar_az270/train/weights/best.pt,completed,completed,nan,nan,,,
sv0072,elhigh-radfar-az315,144,31,2214,0.5283080129653381,0.6133914291309149,0.5676793648933084,0.5283080129653381,0.3370014455332844,completed,/vol/tensusers6/lisannehuisman/experiments/m4_single_viewpoint_training/singles/sv0072__elhigh_radfar_az315/train/weights/best.pt,completed,completed,nan,nan,,,
